customer_id,name,email,city
C2000,Hector Myers,gallegoskim@jackson.biz,East Calvinland
C2001,Julie Castillo,dontaylor@johnson.info,East Heather
C2002,Marissa Vaughan MD,bishopkaren@powers.com,Castilloville
C2003,Vanessa Martinez,sean16@hall.info,West Jonview
C2004,Dan Johnson,susanlee@burke.info,North Theresa
C2005,Andrea Brown,xgarrett@yahoo.com,South Maria
C2006,Brian Reynolds,deckerlauren@bradford-meyers.org,North Jose
C2007,Terry Erickson,janice54@wilson-wright.com,North Patrickfort
C2008,Regina Nunez,anthony59@hotmail.com,Lake Michelleshire
C2009,Vincent Johnson,fbyrd@gmail.com,Lake Susanstad
C2010,Rachel Murray,haleybryant@daniels-jackson.com,Mackview
C2011,Erika Morrow,barajastimothy@brown-johnson.org,Dorseymouth
C2012,Amy Bailey,wbishop@collins-jackson.com,Hoffmanland
C2013,Marissa Dalton,ashleybrown@nunez.info,Hollandview
C2014,Zachary Reed,adkinsjustin@hotmail.com,Nicholasville
C2015,Rachel Gonzalez,julie49@navarro-hart.net,Dudleymouth
C2016,Scott Holland,donaldhunt@gmail.com,Zacharyberg
C2017,Crystal Bates,brittanymiles@erickson-reynolds.com,New John
C2018,Lauren Lewis,evanssamantha@lam-friedman.biz,North Jodiborough
C2019,Michael Williamson,sarah83@hotmail.com,North Johnhaven
C2020,Jeffrey Lang,agibbs@montoya-hayes.com,West Eugeneville
C2021,Christina Hopkins,aaronrobinson@hotmail.com,Christinashire
C2022,David Olsen,reyesbrandon@yahoo.com,Welchland
C2023,Jeremiah Hall,harrismatthew@hotmail.com,Anthonyside
C2024,Peggy Berry,carlamitchell@khan-hinton.biz,North Lori
C2025,Patricia Wood,spearsbrian@gmail.com,Lisaside
C2026,Christina Kerr,cortega@hotmail.com,Haleyshire
C2027,Sheena Campbell,davidryan@allison.com,East Tommouth
C2028,Michelle Carter,gallegosdebra@hotmail.com,East Robert
C2029,Brittany Owen,arellanokaylee@nelson.com,West Benjamin
C2030,Hector Goodman,bbecker@vargas-lewis.org,Richardchester
C2031,Michael Allen,owenmelissa@hotmail.com,West Richard
C2032,Cynthia Brown,matkinson@yahoo.com,New Anthonyberg
C2033,Ashley Sullivan,daniel27@davis-garcia.com,North Kevin
C2034,Paula Davis,zfinley@yahoo.com,New Alisha
C2035,Heather Warren,timothy30@gmail.com,Richardborough
C2036,Michelle Johnston,linda98@dougherty.com,Port Elizabethborough
C2037,Dr. Michelle Hill DDS,navarroashley@yahoo.com,Josephfort
C2038,Carla Brown,tiffany42@hotmail.com,Williamshaven
C2039,Robert Farley,gwendolynlewis@yahoo.com,Jasonstad
C2040,Tonya Cole,timothy23@gmail.com,Johnsonville
C2041,Sarah Barrett,stephen24@hotmail.com,South Davidbury
C2042,Carla Russo,greenrobert@hines-allison.info,North Janet
C2043,Brian Clark,jonesdebra@soto.net,Ryanberg
C2044,Kimberly Gonzales,patrick67@santiago.com,South Madeline
C2045,Wesley Stewart DDS,collierwilliam@gmail.com,West Jeffery
C2046,Shawn Roberts,seanrasmussen@jones.com,East Alison
C2047,Miranda Brown,tylerbenson@olson.org,Lake Davidville
C2048,Amy Turner,sjones@yahoo.com,North Cynthiaview
C2049,Aaron Andrews,thomaslinda@yahoo.com,East Julieport
C2050,Kristin Perkins,edgarblackburn@nguyen.com,Marcusfort
C2051,Samuel Patel,leewilliam@hotmail.com,Greenestad
C2052,Kathy Williams,whiteannette@hotmail.com,South Amberview
C2053,Amy Duffy,nicole91@houston.biz,West Danashire
C2054,Sean Roman,tuckerjoshua@gmail.com,Lake Kimberlystad
C2055,Gregory Chavez,justin23@gmail.com,North Justin
C2056,Jocelyn Pitts,michaelmoss@payne.com,New Michelle
C2057,Ray Cross,pbrewer@morales.com,Jenkinsville
C2058,Melvin Orozco,daniel42@gmail.com,South Lindahaven
C2059,Eric Thompson,stevenwilson@wilson.com,East Helen
C2060,Crystal Espinoza,msherman@richardson.com,Martinezfurt
C2061,Leslie Simmons,marshallwalter@keith.org,Zacharyburgh
C2062,Krystal Barajas,asanchez@lewis-owens.org,Haleyside
C2063,Melissa Graham,drodriguez@nguyen.info,West James
C2064,Leslie Ingram,hancockchristopher@cruz.org,Earlville
C2065,Michael Lucero,clifford72@hotmail.com,Jenniferton
C2066,Patrick Johnson,forbeshayden@yahoo.com,Kyleburgh
C2067,Matthew Weaver,vanessa32@thomas.net,Desireebury
C2068,Timothy Frey,mgarcia@hotmail.com,Lake Yvette
C2069,Benjamin Guerrero,leonard15@lozano.net,Martinezberg
